id,iddrink,idingredient,strmeasure
0,11288,132,2 oz
1,11288,222,Juice of 1/2
2,11288,39,1
3,13837,292,1 part
4,13837,290,5 parts
5,11010,329,1 oz
6,11010,251,1 oz
7,11010,222,Juice of 1
8,11010,222,1
9,11987,144,1 oz
10,11987,15,1 1/2 oz
11,11987,268,1/2 oz cream
12,14181,19,1
13,14181,310,1/2 oz
14,14181,251,1/2 oz
15,14181,8,1
16,17066,350,30 ml
17,17066,156,30 ml
18,17066,62,45 ml
19,17066,278,1/2 glass crushed
20,11338,8,3/4 oz
21,11338,156,3/4 oz
22,11338,283,3/4 oz
23,11338,312,1
24,11338,182,1
25,17079,72,2 1/2 oz
26,17079,263,1/2 oz
27,13501,97,01-Mar
28,13501,263,01-Mar
29,13501,304,01-Mar
30,11005,132,1 1/2 oz
31,11005,251,1 1/2 tsp
32,11005,66,1 tblsp
33,11005,264,1 tsp
34,11005,213,1
35,11005,210,1
36,11844,198,2 oz
37,11844,317,Juice of 1/2
38,11844,264,1 tsp
39,11844,100,(Claret)
40,11844,317,1
41,11844,146,1
42,17230,156,2 oz
43,17230,235,1 tsp
44,17230,236,Juice of 1/2
45,17230,23,Top up with
46,17230,222,Garnish
47,11368,156,2 oz
48,11368,251,1/2 oz
49,14157,70,4 cl
50,14157,197,16 cl
51,15409,19,3 parts
52,15409,315,1 part
53,13128,196,1/2 pint
54,13128,322,1/2 pint
55,13128,223,1 dash
56,11128,132,3/4 oz
57,11128,8,3/4 oz
58,11128,251,3/4 oz
59,11128,222,Juice of 1/2
60,11476,127,1 1/2 oz
61,11476,283,3/4 oz
62,11476,135,2 dashes
63,11476,306,1
64,11052,156,2 oz
65,11052,289,1 oz Green Ginger
66,11052,184,1 tsp
67,11052,222,1
68,12944,100,1 L
69,12944,220,125 ml
70,12944,264,60 gr
71,12944,6,1
72,12944,91,3
73,12944,182,1 tblsp
74,11418,156,1 1/2 oz
75,11418,235,1 tsp
76,11418,131,1 tblsp
77,11418,47,3 chunks
78,11418,202,2
79,11418,312,1
80,13839,283,3/4 oz
81,13839,30,2 1/2 oz Blended
82,13839,117,dash
83,13839,278,2 or 3
84,13839,174,1
85,13839,13,1 twist of
86,16958,197,3 parts
87,16958,150,1 part
88,16958,6,3 dashes
89,11664,283,3/4 oz
90,11664,156,1 1/2 oz
91,15200,331,1 oz
92,15200,97,1/2 oz
93,15200,7,4 oz
94,15200,235,1/2 oz
95,13222,125,1/2 oz
96,13222,254,1/2 oz
97,11027,97,1 1/2 oz
98,11027,66,1/2 oz
99,11027,43,1
100,12055,156,1 oz
101,12055,207,2 oz
102,12055,108,1 whole
103,12055,39,1
104,15941,154,1 oz
105,15941,283,1 oz red
106,15941,182,Twist of
107,15941,13,Twist of
108,13936,161,5 oz Bacardi
109,13936,320,frozen
110,13936,141,frozen
111,11580,30,2 oz
112,11580,208,1 oz
113,11580,264,1 tsp superfine
114,11580,43,3 oz
115,11580,174,1
116,11580,300,1
117,17251,154,1 oz
118,17251,283,1 oz
119,17251,168,1 1/4 oz
120,17251,250,1
121,17002,28,1/2 oz
122,17002,350,1/2 oz
123,17002,251,1/2 oz
124,17002,288,1/2 oz
125,17002,139,1/2 oz
126,17002,171,Fill with
127,11011,251,1 oz
128,11011,329,1 oz
129,11011,208,1/2 tsp
130,17188,132,1 1/2 oz
131,17188,11,1 oz
132,17188,175,1/2 tsp
133,17188,235,1/2 tsp
134,17188,174,1
135,14306,97,1 part
136,14306,347,1 part
137,14306,7,1 part
138,12856,220,1 cup
139,12856,113,3/4-1 cup
140,12856,19,4 tsp
141,12856,345,1 cup
142,12856,279,4 tsp
143,15226,161,1 shot Bacardi
144,15226,150,1 shot
145,15226,11,1 shot
146,15226,7,1
147,15226,235,1
148,15226,57,1
149,14594,218,5 cl
150,14594,208,2 cl
151,14594,278,cubes
152,14594,317,or lime
153,12434,329,1 1/2 oz
154,12434,7,1 tblsp
155,12434,135,2 dashes
156,15639,72,1/2 oz
157,15639,125,1/2 oz
158,15639,97,1/2 oz
159,15639,161,1/2 oz Bacardi
160,15639,178,1 oz
161,13940,156,2 oz dry
162,13940,293,4 oz
163,13940,208,0.75 oz
164,17168,251,1/2 jigger
165,17168,97,3 shots
166,17168,322,1/2 cup
167,17168,278,Add 1/2 cup
168,17218,156,6 cl
169,17218,350,1.5 cl
170,17218,318,0.75 cl
171,13497,322,1/2 pint hard
172,13497,196,1/2 pint
173,13497,227,1 shot
174,12698,99,2
175,12698,224,2 cups
176,12698,264,1/2 cup
177,12698,220,1 cup iced
178,11600,350,1 oz
179,11600,251,1 oz
180,11600,66,1 oz
181,16987,263,3/4 oz
182,16987,30,3/4 oz
183,16987,350,3/4 oz
184,16987,7,2-3 oz
185,12766,281,1 1/2 cl
186,12766,173,1
187,12766,222,1
188,12766,278,1
189,11007,283,3/4 oz
190,11007,268,1 1/2 oz dry
191,11007,135,1 dash
192,17266,72,2 parts
193,17266,69,2 parts
194,17266,301,4 parts
195,17266,328,1 part
196,17266,254,1/2 part
197,17200,337,3/4 oz
198,17200,119,3/4 oz white
199,17200,248,3/4 oz
200,17245,156,50 ml
201,17245,227,15 ml
202,17245,211,100 ml
203,17245,12,Garnish with
204,16998,350,1/2 oz
205,16998,216,1/2 oz
206,16998,159,1/2 oz
207,16998,3,1/2 oz
208,11339,329,3/4 oz
209,11339,156,1 1/2 oz
210,11339,24,3/4 oz
211,11339,235,1 tsp
212,11339,208,1/4 tsp
213,11339,146,1
214,15082,214,1 1/2 oz
215,15082,111,1 oz
216,15082,216,1/2 oz
217,15082,3,1 oz
218,11989,100,2 oz
219,11989,235,1 oz
220,11989,192,1
221,12890,3,4 cups
222,12890,264,1 1/2 cup
223,12890,11,4 cups
224,12890,96,1 tblsp
225,12890,173,2 qt
226,17202,182,1 long strip
227,17202,8,2 oz
228,17202,173,5 oz
229,17202,86,2 dashes
230,12158,127,1 1/2 oz
231,12158,222,Juice of 1/2
232,12158,131,1/2 tsp
233,12158,317,1/2 slice
234,12158,146,1
235,15849,329,1 qt
236,15849,290,4 fifth
237,15849,350,1 fifth
238,15849,293,4 L
239,15849,7,1/2 gal
240,16419,214,1 shot
241,16419,72,1 shot
242,16419,178,Fill with
243,14482,151,1 part
244,14482,313,1 part
245,14482,7,1 part
246,14482,278,cubes
247,15567,350,01-Feb
248,15567,188,1/2 can
249,15567,220,01-Feb
250,15567,264,10 tsp
251,11690,132,1 oz
252,11690,354,1/2 oz
253,11690,251,1/2 oz
254,11690,207,1 1/2 oz
255,11690,146,1
256,11013,135,2 dashes
257,11013,156,1 1/2 oz
258,11013,165,3/4 oz
259,11013,182,Twist of
260,12748,310,2 cups
261,12748,170,4 oz chopped bittersweet or semi-sweet
262,12748,13,3 2-inch strips
263,12748,195,1/2 tsp instant
264,12748,308,1/8 tsp ground
265,15615,271,1 shot
266,15615,119,2 shots
267,15615,221,2 scoops
268,15615,35,1 oz
269,15615,243,4 oz
270,15615,186,1
271,15615,146,1
272,15615,34,1 piece
273,12656,202,1/2 lb frozen
274,12656,34,1 frozen
275,12656,224,1 cup plain
276,12656,310,1 cup
277,12656,225,to taste
278,15423,196,16 oz
279,15423,288,1.5 oz
280,11375,97,1/2 oz
281,11375,119,1/2 oz
282,11375,248,2 oz
283,12420,24,1 1/2 oz
284,12420,156,1 1/2 oz
285,12420,175,1/4 tsp
286,12420,282,1/4 tsp
287,12420,135,2 dashes
288,12420,146,1
289,12798,19,10 tblsp instant
290,12798,279,4 tblsp
291,12798,264,2 1/2 cups
292,12798,350,1 qt
293,12798,220,2 1/2 cups
294,11050,132,1 1/2 oz
295,11050,329,1 oz
296,11050,251,1 tsp
297,11050,208,1/2 oz
298,11050,213,1
299,11050,300,1
300,12138,127,2 oz
301,12138,8,4 dashes
302,12138,228,4 dashes
303,12138,300,1 slice
304,12138,210,1
305,14364,188,1 can
306,14364,350,5 oz
307,14364,345,7 oz
308,14364,173,About 1 bottle
309,11242,132,1 oz
310,11242,262,1 oz
311,11242,317,Juice of 1/2
312,11242,131,1 tsp
313,11242,213,1
314,11242,312,1
315,14053,254,1 oz
316,14053,301,1 oz
317,14053,310,1 oz
318,15511,72,2 oz
319,15511,310,8 oz
320,15511,319,2 scoops
321,12776,195,1
322,12776,225,Unsweetened
323,12776,118,1
324,12097,345,2 oz light or dark
325,12097,131,2 tsp
326,12097,182,1 twist of
327,12097,220,2 tsp
328,17044,264,2 1/2 cups
329,17044,226,1 cup
330,17044,19,1 1/2 oz instant
331,17044,279,2 oz
332,17044,220,3 cups boiling
333,17044,350,1 fifth
334,12714,59,3
335,12714,14,01-Feb
336,11423,127,1 1/2 oz
337,11423,97,3/4 oz
338,15743,19,01-Feb
339,15743,111,01-Feb
340,16041,203,750 ml
341,16041,7,1 L
342,16041,240,750 ml
343,12724,310,2 cups
344,12724,34,1
345,12724,225,1 tblsp
346,13072,350,2 oz
347,13072,309,2 oz
348,13072,3,4 oz
349,13072,7,4 oz
350,16333,345,1 part
351,16333,350,1 part
352,16333,288,1 part
353,16333,251,1/2 part
354,16333,114,1
355,16333,278,1
356,16333,61,1-3 pint
357,16333,321,1
358,11870,302,1/2 oz
359,11870,156,1 1/2 oz
360,11870,7,4 oz
361,11870,173,1
362,16250,150,1 1/2 oz
363,16250,112,1 oz
364,16250,7,3-4 oz
365,16250,11,3-4 oz
366,16250,3,3-4 oz
367,16196,9,02-May
368,16196,288,02-May
369,16196,235,01-May
370,14372,348,02-Mar
371,14372,66,01-Mar
372,14372,278,Fill with
373,14372,120,Top it up with
374,12474,251,3/4 oz
375,12474,156,3/4 oz
376,12474,11,1 tblsp
377,17228,156,1 1/2 shot
378,17228,70,1 1/2 shot
379,13206,222,2
380,13206,264,2 tblsp
381,13206,162,2-3 oz
382,13206,278,crushed
383,12784,19,black
384,12784,264,1
385,12784,178,pods
386,12784,84,1
387,17239,70,25 ml
388,17239,179,15 ml
389,17239,272,10 ml
390,17239,188,100 ml
391,17239,249,2
392,17198,304,1 1/2 oz
393,17198,97,3/4 oz
394,16178,156,2 jiggers
395,16178,350,1 jigger
396,16178,235,3 dashes
397,16178,66,1 shot
398,16178,264,Around rim put 1 pinch
399,16178,245,3 dashes
400,16178,313,Fill to top with
401,12728,224,1 cup
402,12728,114,1 cup
403,12728,278,1
404,17214,350,2.5 cl
405,17214,292,1.5 cl
406,17214,272,1 cl
407,17214,180,2.5 cl
408,17186,156,1 1/2 oz
409,17186,235,2 tsp
410,17186,317,Juice of 1/2
411,17186,213,1
412,17074,350,1 shot
413,17074,150,1 shot
414,17074,335,1 shot
415,17074,7,1 splash
416,17074,11,1 splash
417,17074,255,1 splash
418,17074,235,1 dash
419,17074,278,crushed
420,17074,47,1 wedge
421,11157,264,1 tsp superfine
422,11157,43,3 oz
423,11157,317,1
424,11157,8,2 oz
425,11157,174,1
426,11157,300,1
427,17215,333,6 cl
428,17215,154,4 cl
429,17215,23,splash
430,17205,290,Chilled
431,17205,7,2 oz
432,11120,156,1 1/2 oz
433,11120,251,1/2 oz
434,11120,227,1/2 oz
435,11120,86,2 dashes
436,11120,174,1
437,11120,182,1 twist of
438,14586,281,1.5 oz
439,14586,235,0.5 oz
440,14586,7,4 oz
441,14586,347,1 splash
442,17216,288,4.5 cl
443,17216,204,1.5 cl
444,17216,187,2 spoons
445,11012,203,1 oz
446,11012,97,1 oz
447,11012,26,1/2 oz
448,11012,208,1 dash
449,12870,122,1 quart black
450,12870,168,1 quart
451,12870,100,1 fifth
452,12870,345,1 pint Jamaican
453,12870,8,1/2 pint
454,12870,184,1 1/2 oz
455,12870,7,1 pint
456,12870,208,1/2 pint
457,11124,156,2 oz
458,11124,24,1/2 oz
459,11124,86,2 dashes
460,11124,175,1/2 tsp
461,11124,174,1
462,11433,156,1 1/2 oz
463,11433,251,1 oz
464,11433,11,1 oz
465,11433,235,1/2 tsp
466,11433,47,1
467,12418,24,1 oz
468,12418,156,1 oz
469,12418,282,1/4 tsp
470,12418,86,2 dashes
471,12418,13,Twist of
472,17212,350,5 cl
473,17212,72,1 cl
474,17212,245,1 dash
475,16289,288,3 oz
476,16289,343,12 oz
477,11046,324,1 oz
478,11046,251,1 oz
479,11046,208,1 oz
480,11938,156,1 1/2 oz
481,11938,235,1 tsp
482,11938,248,1 tsp
483,11938,213,1
484,14065,97,2 oz
485,14065,345,2 oz
486,14065,177,4 oz Grape
487,14860,158,3 parts
488,14860,19,1 part
489,11170,8,2 oz
490,11170,317,Juice of 1/2
491,11170,131,1/2 tsp
492,11170,317,1/2 slice
493,11170,146,1
494,16992,315,750 ml
495,16992,350,1750 ml
496,16992,111,1750 ml
497,16992,7,1 gal
498,16992,3,1 gal
499,13068,288,1/2 oz
500,13068,5,1/2 oz
501,11020,198,1 1/2 oz
502,11020,24,1 oz
503,11020,11,1 oz
504,11985,132,1 1/2
505,11985,268,1/3 oz cream
506,11985,222,Juice of 1/2
507,12528,350,2 oz
508,12528,145,1 oz
509,12528,248,1
510,17177,63,2 tsp
511,17177,222,1
512,17177,106,2 1/2 oz
513,16485,72,1 oz
514,16485,265,1 oz
515,16485,227,1 oz
516,16485,263,1 oz
517,17825,323,4 oz
518,17825,307,1 oz
519,17825,151,1 oz
520,12730,118,1/2 cup
521,12730,264,1 cup
522,12730,261,7 tsp
523,12730,220,1/2 cup
524,12730,310,1 qt
525,17175,106,25 ml
526,17175,180,15 ml
527,17175,346,10 ml
528,17175,290,top up with
529,17179,30,4.5 cL
530,17179,117,2 dashes
531,17179,264,1 cube
532,17179,220,dash
533,11028,97,1 1/2 oz
534,11028,75,3/4 oz
535,17120,315,1 fifth
536,17120,350,1 fifth Smirnoff red label
537,17120,171,2 L
538,17120,215,2 L
539,17120,208,1 small bottle
540,17120,345,1 pint
541,11009,127,1 1/2 oz
542,11009,283,1 oz
543,11009,24,1 oz
544,11009,135,2 dashes
545,17108,39,1 dl
546,17108,208,7 drops
547,16967,350,2 oz
548,16967,260,2 oz
549,16967,32,2 oz
550,16967,278,1
551,16967,308,1
552,11662,156,1 1/2 oz
553,11662,175,1/2 oz
554,11662,135,2 dashes
555,13535,133,1 L
556,13535,44,2 cups
557,13535,350,2 cups
558,12658,202,1/2 lb frozen
559,12658,34,1 frozen
560,12658,197,2 cups fresh
561,17192,8,3 parts
562,17192,262,9 parts
563,17192,341,2 parts
564,13847,246,1 oz
565,13847,97,1 oz
566,17220,76,2 scoops
567,17220,301,1 part
568,17220,310,full glass
569,17220,350,2 parts
570,11524,132,1/2 oz
571,11524,198,1 1/2 oz
572,11524,317,Juice of 1/2
573,11524,131,1 tsp
574,11524,312,1
575,12706,66,4 cl
576,12706,156,2 cl
577,12706,181,4 cl
578,17250,156,3/4 oz
579,17250,149,3/4 oz
580,17250,318,3/4 oz
581,17250,180,3/4 oz
582,17250,9,1 dash
583,13024,100,2 bottles
584,13024,264,1 cup
585,13024,220,2 cups hot
586,13024,238,1 cup
587,13024,300,wedges
588,13024,222,wedges
589,13024,317,1
590,13024,336,1
591,11472,156,2 oz
592,11472,251,1/2 oz
593,11472,11,1 tblsp
594,12256,8,1 1/2 oz
595,12256,89,1 1/2 oz
596,11055,283,1 1/2 tsp
597,11055,156,1 1/2 oz
598,11055,86,2 dashes
599,14087,214,1 shot
600,14087,97,1 shot
601,14087,3,1 shot
602,15266,350,3 parts
603,15266,259,1 part
604,15266,197,6 parts
605,15266,208,1 1/2 part
606,15266,188,1
607,13389,196,1/2 pint
608,13389,322,1/2 pint sweet or dry
609,12188,268,2 oz cream
610,12188,131,1 tsp
611,12188,108,1 whole
612,12188,310,1
613,12188,308,1
614,13066,235,1
615,13066,72,1
616,13066,263,1
617,16100,347,2 oz
618,16100,97,2 oz
619,16100,288,2 oz
620,16100,7,Add splash
621,12402,156,2 oz
622,12402,208,1 oz
623,12402,264,1 tsp superfine
624,12402,43,3 oz
625,12402,174,1
626,12402,300,1
627,15997,101,2 1/2 shots
628,15997,173,1
629,15997,278,1
630,17006,161,2 oz light
631,17006,177,1/2 tsp Tropical
632,11021,24,1 oz
633,11021,30,1 oz
634,11021,112,1 1/2 tsp
635,11021,208,1 1/2 tsp
636,11021,182,1 twist of
637,16108,348,2 oz
638,16108,29,1/2 oz
639,16108,232,1 splash
640,16108,7,1 oz
641,12718,276,1/4 inch
642,12718,47,01-Feb
643,16991,340,2 part
644,16991,133,1 part
645,16991,288,2 shots
646,16991,161,Float Bacardi
647,11410,156,2 oz
648,11410,317,Juice of 1/2
649,11410,131,1 tsp
650,11410,312,1
651,12362,288,2 oz
652,12362,208,1 tblsp
653,12362,235,3/4 oz
654,12362,213,1
655,12362,173,1
656,11102,145,3/4 oz
657,11102,350,1 1/2 oz
658,17118,104,5 oz blue
659,17118,171,5 oz
660,17118,278,cubes
661,13861,263,1 part
662,13861,342,1 part
663,13861,310,1 part
664,17252,350,1 1/2 oz
665,17252,326,3 oz
666,17094,97,1 shot
667,17094,158,1 shot
668,17094,203,1 shot
669,16047,196,1 bottle
670,16047,154,1 1/2 cl
671,13899,246,1/3 oz
672,13899,18,1/3 oz
673,13899,77,1/3 oz
674,15801,311,1.5 oz
675,15801,142,12 oz
676,16990,296,2 shots
677,16990,310,1
678,17195,290,6 oz
679,17195,111,1 oz
680,14782,242,1 shot
681,14782,263,3/4 shot
682,14782,19,6 oz hot
683,14610,161,1 oz Bacardi
684,14610,20,1 oz
685,13200,134,12 oz
686,13200,80,12 oz
687,13200,188,12 oz frozen
688,13200,278,1 cup crushed
689,14578,97,1 cl
690,14578,7,4 oz
691,14578,235,1/4 cl
692,11112,288,1 oz
693,11112,0,2 oz
694,11112,208,1 dash
695,11112,5,1 dash
696,11112,244,1 dash
697,11112,317,1 slice
698,17217,288,6 cl
699,17217,81,3 cl
700,17217,338,3 cl
701,17217,204,1.5 cl
702,17217,272,1 dash
703,17217,61,1 pinch
704,12876,315,2 pint
705,12876,289,1 bottle Boone Strawberry Hill
706,12876,7,1/2 gal
707,12876,177,1 gal Tropical Berry
708,12762,97,1 part
709,12762,42,1 part
710,12762,72,1 part
711,12762,310,2 1/2 parts
712,11666,312,1
713,11666,156,1
714,11666,24,1
715,11666,131,1
716,11666,267,1
717,11666,182,1
718,17035,169,1
719,17035,40,1 shot
720,17227,283,2 shots
721,17227,24,1 shot
722,17227,23,Top up with
723,17105,227,1
724,17105,79,1
725,17105,350,1
726,17105,347,1
727,17105,293,1
728,16134,348,1 shot
729,16134,7,1 shot
730,16134,251,1 shot
731,16134,173,Fill to top
732,13042,11,46 oz chilled
733,13042,43,28 oz
734,13042,7,6 oz frozen
735,13042,317,1
736,13042,58,2 cups
737,13042,290,1 bottle
738,15300,156,1/2 oz
739,15300,132,1/2 oz
740,15300,288,1/2 oz
741,15300,251,1/2 oz
742,15300,350,1/2 oz
743,15300,39,1
744,15300,207,1-2 dash
745,15300,86,1 wedge
746,15300,317,1
747,13405,265,30 ml white
748,13405,54,30 ml
749,13405,327,5 ml
750,17167,167,2 oz
751,17167,192,4 oz
752,17167,278,1
753,11147,30,2 oz
754,11147,208,1 oz
755,11147,264,1/2 tsp superfine
756,11147,300,1
757,11147,174,1
758,17241,345,1 1/2 oz
759,17241,299,1 1/2 oz
760,17241,161,1 oz
761,17241,115,1 tsp
762,17241,235,1 tsp
763,17241,204,1 tsp
764,17241,64,1 drop
765,11255,283,1 oz
766,11255,26,1/2 oz
767,11255,289,1/2 oz Muscatel
768,16202,97,1
769,16202,207,1
770,16202,311,1
771,16202,11,1
772,17135,40,1 part
773,17135,39,2 parts
774,14209,19,6 oz
775,14209,216,2 oz
776,14209,118,2 tblsp
777,14209,186,1
778,12071,345,2 oz light or dark
779,12071,192,4 oz
780,12071,317,1
781,14588,150,1/2 oz
782,14588,132,1/2 oz
783,14588,161,1/2 oz Bacardi
784,14588,4,1 oz
785,14588,218,1 oz
786,14588,310,3 oz
787,14588,27,1 oz
788,14588,319,1 cup
789,11243,72,1 oz
790,11243,350,1/2 oz
791,11243,221,5 oz
792,12720,276,1 inch
793,12720,317,01-Apr
794,12720,220,1 cup hot
795,12910,38,6
796,12910,264,1/4 cup
797,12910,310,2 cups
798,12910,132,1/2 cup
799,12910,30,1/2 cup
800,12910,279,1 tsp
801,12910,61,1/4 tsp
802,12910,87,1 cup
803,12910,213,6
804,12910,264,1/4 cup
805,12910,308,Ground
806,11390,132,2 oz
807,11390,66,1 tblsp
808,11390,210,6
809,11390,264,1 tsp
810,11129,198,2 oz
811,11129,317,Juice of 1/2
812,11129,131,1 tsp
813,11129,213,1
814,11129,317,1 slice
815,11129,146,1
816,13204,348,2 oz
817,13204,158,1 oz
818,13204,208,2 oz sweetened
819,13204,43,1 oz
820,12560,235,1 part
821,12560,7,4 parts
822,12560,11,4 parts
823,11202,264,2 tsp
824,11202,222,1
825,11202,106,2 1/2 oz
826,17249,156,1 1/2 oz
827,17249,29,3/4 oz
828,17249,204,3/4 oz
829,17249,64,1 dash
830,17249,60,1 dash
831,11320,156,1 1/2 oz
832,11320,173,4 oz
833,11320,222,1
834,11146,264,1 tsp superfine
835,11146,220,2 tsp
836,11146,208,1 oz
837,11146,30,2 oz
838,11146,182,1 twist of
839,17015,350,1 shot
840,17015,72,1 shot
841,17015,39,1 dash
842,17015,33,Fill with
843,17223,156,2 shots
844,17223,283,1 shot
845,17223,338,1 shot
846,17223,64,3 dashes
847,12444,132,1 oz
848,12444,283,1/2 oz
849,12444,317,Juice of 1/2
850,12444,131,1 tsp
851,12444,213,1
852,11419,66,1 1/2 oz
853,11419,264,1 tsp superfine
854,11419,156,2 oz
855,11419,86,1 dash
856,11419,43,3 oz
857,12452,350,1 1/2 oz
858,12452,208,3 oz
859,12452,287,3 oz unsweetened
860,12452,131,1 tsp
861,12452,300,1 slice
862,17253,287,3 oz
863,17253,288,1 1/2 oz
864,14538,263,1/3 oz
865,14538,72,1/3 oz
866,14538,265,1/3 oz
867,11798,132,1 1/2 oz
868,11798,303,3 oz
869,11798,86,1 dash
870,12736,205,2 oz
871,12736,310,6-8 oz
872,12736,6,1 stick
873,12736,16,1
874,12736,170,2 oz finely chopped dark
875,12736,186,Fresh
876,16963,350,1 1/4 oz Stoli
877,16963,2,1/4 oz
878,13194,134,0.75 oz
879,13194,93,0.25 oz
880,11391,132,1 1/2 oz
881,11391,47,4 chunks
882,11391,66,1 tblsp
883,11391,264,1/2 tsp
884,12694,224,2 cups
885,12694,278,04-Jun
886,12694,264,1
887,12694,222,1
888,12694,61,1
889,16985,77,1 part
890,16985,246,1 part
891,16985,20,1 oz
892,15597,143,1 1/2 oz
893,15597,111,1/2 oz
894,15597,27,1/2 oz
895,15597,3,1 1/2 oz
896,15597,11,1 1/2 oz
897,14366,143,1 1/2 shot
898,14366,218,1 1/2 shot
899,14366,317,Juice of 1 wedge
900,17180,156,4.5 cl
901,17180,349,1.5 cl
902,17180,22,1.5 cl
903,12674,224,1 cup fruit
904,12674,34,1
905,12674,7,4 oz frozen
906,12674,114,1/2 piece textural
907,12674,278,6
908,17190,156,7 parts
909,17190,110,4 parts
910,17190,338,3 parts
911,11786,8,1 oz
912,11786,132,1/2 oz
913,11786,30,1/2 oz
914,11786,317,Juice of 1/2
915,11786,131,1 tblsp
916,11786,312,1
917,11003,156,1 1/2 oz
918,11003,135,1 dash
919,11003,300,Juice of 1/4
920,11003,146,1
921,13328,275,1/2 shot
922,13328,310,1/2 shot
923,13328,97,1 dash
924,13581,294,2-3 oz
925,13581,39,1
926,11602,30,2 oz
927,11602,184,1/2 oz
928,15427,150,1 1/2 cl
929,15427,111,1 1/2 cl
930,15427,227,1 1/2 cl
931,15427,207,3 cl
932,14095,145,1 shot
933,14095,132,1 shot Jamaican
934,14095,278,cubes
935,14095,310,1
936,12790,350,1 bottle
937,12790,264,50 gr
938,12790,116,50 ml pure
939,12790,256,1 tblsp
940,12790,56,1
941,14167,350,1 1/2 oz
942,14167,24,3/4 oz
943,14167,306,1
944,11993,28,1 1/2 oz
945,11993,72,1/2 oz
946,11993,248,1 oz
947,11993,308,1/8 tsp grated
948,13332,72,1/3 shot
949,13332,265,1/3 shot
950,13332,158,1/3 shot
951,11670,28,1 1/2 oz
952,11670,136,1/2 oz
953,11117,350,1 oz
954,11117,227,1 oz
955,11117,188,1
956,11117,146,1
957,13036,317,Juice of 1
958,13036,264,1 tblsp
959,13036,202,8-10 ripe
960,13036,220,1 cup
961,14378,80,3/4 bottle
962,14378,97,1 shot
963,14378,7,1 oz
964,15254,42,1/2 oz
965,15254,269,1/2 oz
966,15675,350,2 oz
967,15675,68,1 oz
968,15675,232,1 tsp
969,15675,202,5
970,15675,147,1
971,12224,26,2 oz
972,12224,24,1/4 tsp
973,12224,135,1 dash
974,12186,132,1 oz Jamaican
975,12186,89,1 tsp
976,12186,235,1/2 tsp
977,12186,317,Juice of 1/4
978,12712,217,1 cup
979,12712,317,01-Apr
980,12712,47,01-Feb
981,11936,86,3 dashes
982,11936,156,2 oz
983,11542,155,1 1/2 oz
984,11542,235,1 tsp
985,11542,222,Juice of 1/2
986,11121,283,1 1/2 oz
987,11121,127,1 1/2 oz
988,11121,184,1 1/4 tsp
989,11121,182,1 twist of
990,12107,303,5 oz
991,12107,156,1 1/2 oz
992,12107,61,1/4 tsp
993,17256,156,1 1/2 oz
994,17256,283,1 1/2 oz
995,17256,241,1 tsp
996,17256,64,2 dashes
997,14282,72,3/4 oz
998,14282,101,3/4 oz
999,14282,313,Fill with
1000,11029,122,6 oz hot
1001,11029,97,2 oz
1002,11029,186,Chilled
1003,12854,18,1 fifth
1004,12854,225,1 1/2 cup mild
1005,12854,344,2 tsp dried and chopped
1006,12854,17,1/4 tsp crushed
1007,12854,182,2 2 inch strips
1008,11379,156,1 1/2 oz
1009,11379,264,2 tsp superfine
1010,11379,208,1 1/2 oz
1011,11379,290,4 oz Chilled
1012,11379,300,1
1013,11379,174,1
1014,17065,169,1 bottle
1015,17065,132,1 shot
1016,12572,11,10 cl
1017,12572,277,6 cl
1018,12572,208,1 cl
1019,12572,235,1 cl
1020,12564,197,2 cups
1021,12564,128,1 large
1022,11422,350,1 oz
1023,11422,97,1 oz
1024,11422,205,1 oz
1025,13427,132,2-3 oz
1026,13427,222,Juice of 1
1027,13427,264,2 tsp
1028,13427,210,02-Apr
1029,13427,313,1
1030,11222,132,2 oz
1031,11222,251,1 1/2 tsp
1032,11222,66,1 1/2 tsp
1033,11222,175,1 1/2 tsp
1034,11961,235,1 tblsp
1035,11961,337,1/2 oz
1036,12127,124,1 tsp
1037,12127,264,1/2 tsp superfine
1038,12127,105,2 dashes
1039,12127,220,1 tsp
1040,12127,30,2 oz
1041,12127,182,1 twist of
1042,11060,127,1 1/2 oz
1043,11060,283,1/2 oz
1044,11060,24,1/2 oz
1045,11060,86,2 dashes
1046,13086,188,5 oz
1047,13086,350,1 oz
1048,13086,227,1/2 oz
1049,13086,251,1/2 oz
1050,13086,264,1
1051,13086,278,1
1052,11634,156,2 oz
1053,11634,248,2 tsp
1054,11634,131,1 tsp
1055,11634,317,Juice of 1/2
1056,11634,213,1
1057,11634,312,1
1058,17027,142,12 oz
1059,17027,216,3 oz
1060,12796,300,3 large
1061,12796,350,3 cups
1062,12796,264,1 1/3 cup superfine
1063,14752,291,1 part
1064,14752,191,2 parts
1065,14752,278,cubes
1066,12214,302,1/2 oz
1067,12214,235,1/2 oz
1068,12214,156,1 oz
1069,12214,207,2 oz
1070,12214,312,1
1071,12214,146,1
1072,16082,97,3/4 oz
1073,16082,4,1/2 oz
1074,16082,19,8 oz
1075,14466,72,1
1076,14466,265,1
1077,14466,263,1
1078,13060,288,1 1/2 oz
1079,13060,251,1/2 oz
1080,13060,66,1 oz
1081,13060,61,1
1082,17211,295,5 cl
1083,17211,189,10 cl
1084,11025,97,1 1/2 oz
1085,11025,248,1 1/2 oz
1086,17824,156,50 ml
1087,17824,201,15 ml
1088,17824,21,15 ml
1089,17824,211,75 ml
1090,17824,222,2 Wedges
1091,17824,276,1 Slice
1092,17824,210,1 Large Sprig
1093,17178,274,2/3 oz
1094,17178,216,1/3 oz
1095,17178,245,1 tsp
1096,17178,264,2 pinches
1097,11224,156,2 oz
1098,11224,208,1/2 oz
1099,11224,175,1 tsp
1100,11224,135,1 dash
1101,11224,38,1
1102,12862,220,3/4 cup
1103,12862,276,2 tsp
1104,12862,25,2 cups
1105,12862,208,1 1/2 tblsp
1106,12862,47,1 1/2 cup
1107,12862,264,1 cup
1108,12862,11,3-4 cups
1109,17174,156,1 oz
1110,17174,288,1 oz
1111,17174,350,1 oz
1112,17174,162,1 oz
1113,17174,149,1 oz
1114,17174,71,1 oz
1115,17174,207,1 oz
1116,17174,43,3 oz
1117,12744,264,5 tblsp
1118,12744,118,3 tblsp
1119,12744,61,1 dash
1120,12744,220,3 tblsp hot
1121,12744,310,2 cups
1122,12744,279,1/4 tsp
1123,15515,19,8 oz
1124,15515,246,4 oz
1125,15515,97,4 oz
1126,15515,186,1
1127,11106,283,1 oz
1128,11106,26,1 1/2 oz
1129,11106,182,1 twist of
1130,16951,72,1 oz
1131,16951,8,1/2 oz
1132,16951,19,1
1133,17185,156,2 oz
1134,17185,175,1/4 tsp
1135,17185,208,1/4 tsp
1136,17185,135,2 dashes
1137,17185,146,1
1138,11001,132,1 oz
1139,11001,1,1 oz
1140,11001,7,1 oz
1141,11001,208,1/2 oz
1142,11001,173,3 oz
1143,11001,182,1 twist of
1144,17248,156,1 oz
1145,17248,49,1 oz
1146,17248,283,1 oz
1147,17248,250,1
1148,11470,132,1 oz
1149,11470,11,1 oz
1150,11470,208,1 tsp
1151,12772,72,2 tsp
1152,12772,19,Strong cold
1153,15951,278,cubes
1154,15951,35,1
1155,15951,302,1
1156,15951,350,1
1157,15951,310,1
1158,13020,100,1 bottle
1159,13020,264,1/2 cup
1160,13020,7,1 cup
1161,13020,208,1 cup
1162,13020,91,1
1163,13020,6,1
1164,17191,28,1 part
1165,17191,354,1/2 part
1166,17191,7,2 parts
1167,17191,11,1 part
1168,12764,19,1 part
1169,12764,172,2 parts
1170,11016,8,1 oz
1171,11016,119,1 oz white
1172,11016,248,1 oz
1173,11016,308,1
1174,13625,350,1 oz
1175,13625,263,1 1/2 oz
1176,13625,72,1/2 oz
1177,11006,28,2 oz
1178,11006,208,1 oz
1179,11006,235,1 tsp
1180,16984,345,1 oz
1181,16984,350,1 oz
1182,16984,288,1 oz
1183,16984,156,1 oz
1184,16984,251,1 oz
1185,16984,216,1 oz
1186,16984,311,1 oz
1187,16984,150,1 oz
1188,15691,80,1
1189,15691,269,1
1190,15691,188,1
1191,15691,39,slice
1192,15691,293,1
1193,15691,292,1
1194,15691,317,1
1195,12198,8,1 oz
1196,12198,251,1/2 oz
1197,12198,317,Juice of 1/4
1198,16995,7,4 oz
1199,16995,345,1 oz
1200,16995,350,1 oz
1201,16995,178,1 package
1202,16995,278,Over
1203,14888,159,4 shots
1204,14888,215,4 shots
1205,11113,350,1 1/2 oz
1206,11113,0,3 oz
1207,11113,208,1 dash
1208,11113,163,1/2 tsp
1209,11113,5,2-3 drops
1210,11113,222,1 wedge
1211,12780,19,1
1212,12780,6,1
1213,11382,198,2 oz
1214,11382,184,1/2 oz
1215,11382,317,Juice of 1/4
1216,11382,222,Juice of 1/2
1217,11382,317,1 slice
1218,11382,222,1 slice
1219,11462,350,1 oz
1220,11462,101,1/2 oz
1221,11462,7,4 oz
1222,12436,132,3 oz
1223,12436,352,1 oz
1224,12436,208,1 oz
1225,11164,8,2 oz
1226,11164,108,1 whole
1227,11164,264,1 tsp superfine
1228,11164,248,1/2 oz
1229,11164,308,1/8 tsp grated
1230,11668,350,1/2 oz
1231,11668,132,1/2 oz
1232,11668,156,1/2 oz
1233,11668,288,1/2 oz
1234,11668,317,Juice of 1/2
1235,11668,39,1 splash
1236,17226,156,1 shot
1237,17226,304,1 shot
1238,17226,292,1 shot
1239,17226,325,1/8 shot
1240,14272,350,1 shot
1241,14272,235,1 tblsp
1242,14272,7,Fill with
1243,15761,148,25 ml
1244,15761,7,Add 250 ml
1245,11014,156,1/2 oz
1246,11014,119,1/2 oz white
1247,11014,248,2 oz
1248,11014,308,1
1249,17207,132,3 oz
1250,17207,73,3 tblsp
1251,17207,47,3 tblsp
1252,16942,216,1 shot
1253,16942,350,1 shot
1254,16942,313,Fill with
1255,11420,156,2 oz
1256,11420,220,2 tsp
1257,11420,131,1/2 tsp
1258,11420,182,1 twist of
1259,13683,293,1 part
1260,13683,273,1 part
1261,12754,350,1 oz
1262,12754,111,3/4 oz
1263,12754,3,1
1264,12754,303,1
1265,11119,1,1 1/2 oz
1266,11119,136,1/2 oz
1267,11119,350,1/2 oz
1268,11119,7,1 oz
1269,11119,208,1 tsp
1270,11251,8,2 oz
1271,11251,251,1/2 oz
1272,11251,208,1 tblsp
1273,12446,28,2 oz
1274,12446,302,1/2 oz
1275,11720,156,1 oz
1276,11720,24,1 oz
1277,11720,251,1/4 tsp
1278,11720,135,1 dash
1279,11720,146,1
1280,14560,75,1/2 oz
1281,14560,203,3/4 oz
1282,14560,350,1/2 oz
1283,14560,351,Fill with
1284,12760,2,1 part
1285,12760,263,1 part
1286,12760,156,2 parts
1287,12760,158,1/2 part
1288,12442,24,1 1/2 oz
1289,12442,292,3/4 oz
1290,12442,312,1
1291,12688,310,2 cups
1292,12688,35,1
1293,12688,92,1
1294,13775,112,1 oz
1295,13775,282,1 oz
1296,13395,311,1/2 oz
1297,13395,42,1/2 oz
1298,13395,254,1/2 oz
1299,11965,262,1 1/2 oz
1300,11965,248,2 tsp
1301,11965,131,1 tsp
1302,11965,108,1 whole
1303,11965,308,1
1304,14730,350,01-Apr
1305,14730,271,01-Apr
1306,14730,7,01-Apr
1307,14730,111,01-Apr
1308,13377,350,1 1/2 oz
1309,13377,3,4 oz
1310,13377,303,1 oz
1311,11566,156,1 1/2 oz
1312,11566,307,1/2 oz
1313,11566,165,1/2 oz
1314,14956,350,2 cups
1315,14956,332,3 packages
1316,14956,220,3 cups
1317,12722,202,1 1/2 cup
1318,12722,225,4 tsp
1319,12722,220,1/2 cup
1320,16031,80,12 oz
1321,16031,293,12 oz
1322,12308,329,1 oz
1323,12308,7,1 oz
1324,12308,207,1 oz
1325,17219,185,3 cl
1326,17219,101,1.5 cl
1327,17219,149,1.5 cl
1328,17219,204,1.5 cl
1329,14133,218,1/2 oz
1330,14133,350,1 oz
1331,14133,222,Juice of 1/2
1332,14133,3,1 splash
1333,14446,177,1/2 oz Grape
1334,14446,350,1/2 oz
1335,14029,119,1 oz white
1336,14029,350,1 oz
1337,13058,100,1 bottle
1338,13058,317,2
1339,13058,7,1 cup
1340,13058,300,3
1341,13058,11,1 cup
1342,14456,109,4 cl
1343,14456,122,Turkish apple
1344,14456,264,(if needed)
1345,17255,156,2 1/2 oz
1346,17255,204,1/2 oz
1347,17255,272,1/2 oz
1348,17255,222,1
1349,16943,350,1 oz
1350,16943,111,1 oz
1351,16943,7,3 oz
1352,16943,3,3 oz
1353,12758,294,5 parts
1354,12758,208,3 parts
1355,12758,101,1 part
1356,12758,339,1 part
1357,17209,345,4.5 cl
1358,17209,101,1.5 cl
1359,17209,237,6 cl
1360,17209,204,1 dash
1361,17209,333,top up
1362,12370,288,2 oz
1363,12370,317,Juice of 1/2
1364,12370,131,1 tsp
1365,12370,317,1/2 slice
1366,12370,146,1
1367,11002,324,1 1/2 oz
1368,11002,303,1 oz
1369,12954,287,1
1370,12954,140,", orange"
1371,12954,103,1
1372,12954,103,1
1373,12800,220,2 cups
1374,12800,264,2 cups white
1375,12800,19,1/2 cup instant
1376,12800,16,01-Feb
1377,12800,350,1 1/2 cup
1378,12800,353,1
1379,17141,100,1/3 part
1380,17141,111,1 shot
1381,17141,240,1/3 part
1382,17141,7,1/3 part
1383,17254,60,1 dash
1384,17254,307,1 oz
1385,17254,156,1 oz
1386,17254,283,1 oz
1387,17268,345,4 parts
1388,17268,295,2 parts
1389,17268,41,1 part
1390,17268,227,1 part
1391,17268,234,6 parts
1392,17268,278,cubes
1393,12388,127,1 1/2 oz
1394,12388,289,1 oz Green Ginger
1395,12388,7,1 oz
1396,17005,97,1 jigger
1397,17005,317,Juice of 1/2
1398,17005,278,1
1399,17005,174,1
1400,17213,350,4.5 cl
1401,17213,94,1.5 cl
1402,17213,247,1.5 cl
1403,11019,183,1 1/2 oz
1404,11019,251,1 dash
1405,11019,11,1 tblsp
1406,11528,242,1 oz
1407,11528,176,1/2 oz
1408,11528,7,1 oz
1409,11528,207,1 oz
1410,11528,300,1 slice
1411,11528,146,1
1412,16262,107,4 cl
1413,16262,263,8 cl
1414,16262,19,1
1415,11728,156,1 2/3 oz
1416,11728,24,1/3 oz
1417,11728,306,1
1418,11416,156,2 oz
1419,11416,312,1 oz
1420,11416,264,1 cube
1421,11416,210,4
1422,11416,300,1 slice
1423,11416,146,1
1424,17183,132,1 3/4 oz Bacardi
1425,17183,66,1 oz
1426,17183,245,1/2 tsp
1427,17183,235,1 dash
1428,11149,156,1 1/2 oz
1429,11149,251,1 oz
1430,11149,208,1 tsp
1431,11149,235,1/2 tsp
1432,11149,213,1
1433,15813,93,5 shots
1434,15813,122,very sweet
1435,13282,45,1 part Bass pale
1436,13282,33,1 part
1437,15178,284,1 part
1438,15178,302,1/2 part
1439,15178,203,1 part
1440,15178,207,1 splash
1441,12162,350,2 oz
1442,12162,7,1
1443,12774,220,2 cups
1444,12774,122,3-4 tsp
1445,12774,276,1 chunk dried
1446,12774,84,3-4 crushed
1447,12774,91,3
1448,12774,6,1 piece
1449,12774,123,1-2 whole
1450,12774,264,to taste
1451,12774,310,1
1452,11403,156,2 oz
1453,11403,120,5 oz
1454,11403,222,1
1455,16295,28,1 shot
1456,16295,300,1 slice
1457,16295,215,1/2 glass
1458,16295,3,1/2 glass
1459,15194,221,2 scoops
1460,15194,8,2 oz
1461,15194,97,2 oz
1462,12668,35,2 tblsp
1463,12668,310,6 oz whole
1464,12668,313,6 oz
1465,17176,222,Â½
1466,17176,113,2 tsp
1467,17176,277,4 cl
1468,17176,173,top up with
1469,17176,278,fill
1470,11324,127,2 1/2 oz
1471,11324,24,1 1/2 tsp
1472,11324,182,1 twist of
1473,14229,72,1/3 part
1474,14229,263,1/3 part
1475,14229,342,1/3 part
1476,15841,210,1/2 handful
1477,15841,208,3 cl
1478,15841,28,1/8 L Jamaican
1479,15841,43,1/8 L
1480,15841,117,8 drops
1481,11396,156,1 1/2 oz
1482,11396,8,1 oz
1483,11396,283,1 oz
1484,11396,43,1 oz
1485,13070,65,1/2 oz
1486,13070,102,1/2 oz
1487,13070,5,1 dash
1488,15933,265,1 1/2 oz
1489,15933,269,Add 10 oz
1490,15933,278,cubes
1491,12716,99,1
1492,12716,300,2
1493,12696,224,1 cup
1494,12696,220,2 cups cold
1495,12696,264,4 tblsp
1496,12696,61,pinch
1497,12696,208,2 tblsp
1498,12672,224,1 cup
1499,12672,321,1 cup
1500,15853,263,01-Mar
1501,15853,158,01-Mar
1502,15853,72,01-Apr
1503,17233,156,50 ml
1504,17233,275,30 ml
1505,17233,97,15 ml
1506,17233,233,Garnish
1507,17233,31,Grated
1508,16158,278,1 cup
1509,16158,288,2 oz
1510,16158,255,1/4 cup
1511,16158,66,3 tblsp fresh
1512,12190,268,1 1/2 oz cream
1513,12190,248,2 tsp
1514,12190,131,1 tsp
1515,12190,108,1 whole
1516,12190,308,1
1517,11658,127,2 oz
1518,11658,305,1/2 oz
1519,11658,24,1/2 oz
1520,11658,182,1 twist of
1521,12746,118,2 tsp
1522,12746,264,1 tsp
1523,12746,279,1/2 tsp
1524,12746,310,12 oz
1525,12692,224,1 cup
1526,12692,220,2 cups cold
1527,12692,61,1 tsp
1528,12692,51,1 pinch
1529,17210,156,4 cl
1530,17210,349,1.5 cl
1531,17210,245,1 cl
1532,17210,153,1.5 cl
1533,14598,37,2 1/2 oz
1534,14598,158,1 splash
1535,14598,7,Fill with
1536,16275,278,04-May
1537,16275,82,2 oz
1538,16275,279,1 tsp
1539,16275,39,10-12 oz
1540,11959,156,1 1/2 oz
1541,11959,119,3/4 oz white
1542,13751,28,1-2 shot
1543,13751,222,Squeeze
1544,13751,39,Fill with
1545,13751,278,1
1546,12726,0,2 cups
1547,12726,208,1-2 tblsp
1548,12726,244,1 dash
1549,11424,350,1 1/2 oz
1550,11424,97,3/4 oz
1551,12057,156,2 oz
1552,12057,317,Juice of 1/2
1553,12057,131,1 tsp
1554,12057,108,1 whole
1555,12057,312,1
1556,15521,19,1 cup
1557,15521,219,4 cl
1558,15521,264,By taste
1559,11000,132,2 oz
1560,11000,206,4 oz
1561,11000,182,1 twist of
1562,12786,122,1/4 cup Thai
1563,12786,220,1/2 cup boiling
1564,12786,270,2 tsp sweetened
1565,12786,278,cubes
1566,12786,210,1
1567,13162,72,1 cl
1568,13162,263,1 cl
1569,13162,342,1 1/2
1570,13162,19,4 cl hot
1571,13162,178,1
1572,17247,307,1 oz
1573,17247,241,1 oz
1574,17247,204,1 oz
1575,13190,350,1 shot
1576,13190,97,1 shot
1577,13190,26,1 shot
1578,13190,251,1 shot
1579,13190,3,1
1580,14071,350,2 cl
1581,14071,27,1 cl
1582,14071,227,1 cl
1583,14071,133,Fill with
1584,17246,199,2 oz
1585,17246,275,3/4 oz
1586,17246,145,1/2 oz
1587,14564,3,2 oz
1588,14564,313,2 oz
1589,14564,311,0.5 oz
1590,14564,53,0.5 oz
1591,17187,78,6 cl
1592,17187,212,2 dashes
1593,17187,210,2 Fresh leaves
1594,17193,8,1 1/2 oz
1595,17193,75,1/2 oz
1596,12752,101,1/2 oz
1597,12752,348,1/2 oz
1598,12752,317,wedge
1599,12752,264,Bacardi
1600,12752,161,1
1601,11064,132,1 1/2 oz
1602,11064,251,1 tblsp
1603,11064,34,1
1604,11064,66,1 1/2 oz
1605,11064,264,1 tsp
1606,11064,146,1
1607,15395,109,1/2 oz
1608,15395,158,1/4 oz
1609,15395,216,1/4 oz
1610,15395,311,1/4 oz
1611,15395,150,1/4 oz
1612,15395,97,1/4 oz
1613,15395,3,1/2 oz
1614,15395,11,1/4 oz
1615,12756,350,4 cl
1616,12756,66,1 dash
1617,12756,313,1
1618,15106,7,4 cl
1619,15106,303,3 cl
1620,15106,197,1 cl
1621,15106,174,1
1622,17225,156,2 shots
1623,17225,235,1/2 shot
1624,17225,205,1/2 shot
1625,17225,310,1/2 shot
1626,17225,48,1/2 Fresh
1627,11407,156,2 oz
1628,11407,312,1
1629,11407,131,1
1630,11407,267,1
1631,11407,182,1
1632,17208,24,1/2 oz
1633,17208,156,1 oz
1634,17208,329,1/2 oz
1635,17208,208,1/2 tsp
1636,17208,235,1 tsp
1637,17208,131,1
1638,12130,8,1 oz
1639,12130,97,1 oz
1640,12130,248,1 oz
1641,12654,310,10 cl cold
1642,12654,7,4 cl
1643,12654,245,2 tsp
1644,12654,34,01-Feb
1645,14195,327,1 1/2 oz
1646,14195,188,8-10 oz cold
1647,14195,317,1 slice
1648,14195,278,cubes
1649,14107,348,1 1/2 oz
1650,14107,207,3/4 oz
1651,14107,133,1/2 oz
1652,14107,313,3 oz
1653,14107,317,1 slice
1654,13499,350,1 oz
1655,13499,72,1 oz
1656,13499,263,1 oz
1657,13499,319,2 scoops
1658,13499,160,1
1659,12518,127,1 1/2 oz
1660,12518,289,1 oz Green Ginger
1661,12802,157,1/2 kg chopped
1662,12802,264,3/4 L
1663,12802,132,1/2 L
1664,14374,348,2/3 part
1665,14374,259,1/3 part
1666,14374,278,cubes
1667,14374,191,1
1668,12808,264,8 cups
1669,12808,220,6 cups
1670,12808,172,1 pint
1671,12808,36,1 oz pure
1672,12808,285,1 tblsp green
1673,17267,345,3 parts
1674,17267,295,1 part
1675,17267,271,1 part
1676,17267,235,1 part
1677,17267,237,2 parts
1678,17267,338,2 parts
1679,17267,234,1 part
1680,12768,19,1/2 cup black
1681,12768,310,1/2 cup
1682,12768,264,1-2 tsp
1683,12732,310,6 cups
1684,12732,170,3 oz Mexican
1685,12732,6,1 tsp powdered
1686,12732,108,3
1687,12322,126,1/2 oz
1688,12322,288,1 oz
1689,12322,251,1/2 oz
1690,12322,208,1 oz
1691,12322,202,1 oz
1692,12322,61,1
1693,14622,350,1/3 part
1694,14622,190,1/3 part
1695,14622,7,1/3 part
1696,14622,278,lots
1697,14622,83,1 dash
1698,14602,288,full glass
1699,14602,5,About 8 drops
1700,13731,97,1 1/2 oz
1701,13731,347,3 oz
1702,12450,156,1 1/2 oz
1703,12450,283,1/2 oz
1704,12450,8,1/2 oz
1705,11417,156,2 oz
1706,11417,208,1 oz
1707,11417,264,1/2 tsp superfine
1708,11417,300,1
1709,11417,174,1
1710,11558,198,1 1/2 oz
1711,11558,317,Juice of 1/2
1712,11558,131,1 tsp
1713,11558,262,1 tblsp
1714,11558,213,1
1715,11558,312,1
1716,15184,350,2 cl
1717,15184,53,2 cl
1718,15184,235,1
1719,15184,7,1
1720,16271,119,1 1/2 oz
1721,16271,227,1 oz
1722,16271,132,1/2 oz
1723,16176,278,8 cubes
1724,16176,350,3 oz
1725,16176,257,1.5 oz
1726,16176,111,1.5 oz
1727,16176,182,1
1728,15026,231,4 cl
1729,15026,74,2 cl
1730,15026,147,7 cl
1731,15026,197,8 cl
1732,15026,278,cubes
1733,12618,208,5 cl
1734,12618,7,15 cl
1735,12618,245,2-3 cl
1736,12618,313,1
1737,17224,350,1 shot
1738,17224,314,2 shots
1739,17224,290,Top up with
1740,12630,245,2 tsp
1741,12630,208,1
1742,12630,173,1
1743,13621,288,2 measures
1744,13621,7,1
1745,13621,235,1
1746,12820,127,1 cup
1747,12820,260,1 1/4 cup
1748,12820,270,1 can sweetened
1749,12820,88,3 drops
1750,12820,35,1 tblsp
1751,14608,281,1 oz
1752,14608,173,1
1753,15092,7,1 part
1754,15092,197,1 part
1755,15092,11,1 part
1756,15092,278,1
1757,11872,119,1/2 oz white
1758,11872,97,1/2 oz
1759,11872,251,1/2 oz
1760,11872,350,1/2 oz
1761,11872,248,1 oz
1762,15086,169,1 bottle
1763,15086,40,1 oz
1764,17197,156,1 1/2 oz
1765,17197,264,2 tsp superfine
1766,17197,208,1 1/2 oz
1767,17197,290,4 oz Chilled
1768,17197,300,1
1769,17197,174,1
1770,11983,132,3/4 oz
1771,11983,8,3/4 oz
1772,11983,317,Juice of 1/4
1773,11983,46,2 tsp
1774,13807,98,1
1775,13807,72,1
1776,13807,263,1
1777,13056,100,2 oz white or
1778,13056,192,5 oz
1779,13056,278,cubes
1780,11053,290,Chilled
1781,11053,337,1 tsp
1782,12562,235,1 cl
1783,12562,7,1 cl
1784,12562,11,2 cl
1785,12562,178,4 cl
1786,12704,222,Juice of 1
1787,12704,264,1 tblsp
1788,12704,313,(seltzer water)
1789,12704,200,1
1790,16986,203,2 oz
1791,16986,251,1/2 oz
1792,16986,222,2 wedges
1793,16986,347,2 oz
1794,14642,72,1 oz
1795,14642,161,1 oz Bacardi
1796,14642,235,1 dash
1797,11054,156,2 oz
1798,11054,158,1/2 oz
1799,11054,208,2 tsp
1800,11054,182,1 twist of
1801,14842,263,1 oz
1802,14842,75,3/4 oz
1803,14842,178,3/4 oz double
1804,15330,350,1 oz
1805,15330,251,1 oz
1806,15330,7,1 oz
1807,12916,108,1/2 cup
1808,12916,264,3 tblsp
1809,12916,270,13 oz skimmed
1810,12916,310,3/4 cup skimmed
1811,12916,279,1 tsp
1812,12916,345,1 tsp
1813,12916,308,1
1814,16354,350,1/3 oz
1815,16354,311,1/3 oz
1816,16354,207,1/3 oz
1817,11227,290,Chilled
1818,11227,264,1 piece
1819,11227,86,2 dashes
1820,11227,182,1 twist of
1821,11227,304,1 dash
1822,11408,156,2 oz
1823,11408,208,1 oz
1824,11408,264,1/2 tsp superfine
1825,11408,235,1/2 tsp
1826,11408,174,1
1827,11408,300,1
1828,12738,170,12 oz fine
1829,12738,280,1 tsp
1830,12738,279,1/2 tsp
1831,12738,260,1 cup
1832,12738,252,mini
1833,12101,127,1 1/2 oz
1834,12101,305,1/2 oz
1835,12101,182,1 twist of
1836,13539,350,1 1/2 oz
1837,13539,316,6 oz
1838,13539,208,to taste
1839,13254,350,2 oz
1840,13254,66,2 oz
1841,13254,173,8 oz
1842,11004,28,1 1/2 oz
1843,11004,257,2 oz
1844,11004,7,3 oz
1845,17204,350,1/2 oz
1846,17204,288,1/2 oz
1847,17204,132,1/2 oz
1848,17204,156,1/2 oz
1849,17204,39,1 dash
1850,17204,182,Twist of
1851,12770,19,1/4 cup instant
1852,12770,264,1/4 cup
1853,12770,220,1/4 cup hot
1854,12770,310,4 cups cold
1855,12794,344,3 tblsp chopped
1856,12794,266,1 tblsp chopped
1857,12794,130,1 cracked
1858,12794,6,1 one-inch
1859,12794,116,3-6 crushed
1860,12794,67,1/8 tsp powdered
1861,12794,209,1 tblsp fresh chopped
1862,12794,350,1.5 cup
1863,12794,264,1/2 cup granulated
1864,12794,220,1/4 cup
1865,12794,285,1 drop yellow
1866,12794,285,1 drop green
1867,13192,345,1/2 oz
1868,13192,350,1/2 oz
1869,13192,156,1/2 oz
1870,13192,227,1/2 oz
1871,13192,347,2 oz
1872,13192,192,1 splash
1873,12792,264,1 cup
1874,12792,220,3/4 cup
1875,12792,129,2
1876,12792,96,1 tblsp
1877,12792,172,1/2 cup pure
1878,12792,220,1/2 cup
1879,12792,8,1 cup
1880,12792,285,3 drops yellow
1881,12792,285,6 drops red
1882,12792,285,2 drops blue
1883,12792,121,1/2 tsp
1884,12710,58,1 cup
1885,12710,238,2
1886,13675,265,1/4 glass
1887,13675,194,3/4 glass
1888,12089,132,1 1/2 oz
1889,12089,161,1 tsp
1890,12089,131,1/2 tsp
1891,12089,86,1 dash
1892,12089,220,1 tsp
1893,12089,200,Twist of
1894,12091,132,1 1/2 oz
1895,12091,7,5 oz
1896,12782,19,6 tblsp ground
1897,12782,67,1/4 tsp
1898,12782,84,4-5 whole green
1899,12782,264,1
1900,12782,87,1
1901,12782,278,1
1902,17203,292,1 part
1903,17203,290,5 parts
1904,12734,170,125 gr
1905,12734,310,3/4 L
1906,12734,220,1
1907,14510,263,2 oz
1908,14510,319,2 scoops
1909,14510,178,1
1910,11024,97,1/2 oz
1911,11024,119,1/2 oz white
1912,11024,248,2 oz
1913,13971,242,1 1/2 oz
1914,13971,19,8 oz
1915,13971,264,1 tsp
1916,13971,186,1 tblsp
1917,13026,100,1 1/2 L
1918,13026,264,1 cup
1919,13026,317,1 large
1920,13026,300,1 large
1921,13026,238,1 large
1922,13026,8,3-4 oz plain
1923,13026,313,1
1924,17181,350,70ml/2fl oz
1925,17181,24,1 tbsp
1926,17181,253,2 tbsp
1927,17181,317,1 wedge
1928,17181,306,1
1929,11008,126,2 oz
1930,11008,7,2 oz
1931,11008,3,2 oz
1932,11008,43,1
1933,12702,276,2 pieces
1934,12702,220,1 gal
1935,12702,317,1 lb
1936,12702,264,1 cup
1937,12702,95,ground
1938,14688,42,1/2 oz
1939,14688,265,1/2 oz
1940,14688,350,1/2 oz
1941,15288,161,1/2 shot Bacardi
1942,15288,20,1/2 shot
1943,12516,198,2 oz
1944,12516,317,Juice of 1/2
1945,12516,131,1/2 tsp
1946,12516,146,1
1947,12516,317,1/2 slice
1948,17242,156,50 ml
1949,17242,292,20 ml
1950,17242,52,15 ml
1951,17242,206,75 ml
1952,17242,222,1
1953,17242,276,1 long strip
1954,11145,86,3 dashes
1955,11145,220,1 tsp
1956,11145,264,1
1957,11145,30,3 oz
1958,11145,300,1
1959,11145,174,1
1960,12988,220,3 cups
1961,12988,264,1 cup
1962,12988,91,12
1963,12988,6,2
1964,12988,182,1
1965,12988,100,750 ml
1966,12988,8,1/4 cup
1967,11604,30,3 oz
1968,11604,184,1/2 oz
1969,11604,182,1 twist of
1970,14356,263,3/4 oz
1971,14356,296,3/4 oz
1972,14356,72,3/4 oz
1973,14356,301,1/2 oz
1974,14356,310,to fill
1975,13196,350,5 cl
1976,13196,222,01-Feb
1977,13196,117,4 dashes
1978,13196,120,1 dl Schweppes
1979,13196,278,4
1980,11239,132,1 1/4 oz
1981,11239,302,1 1/2 tsp
1982,11239,248,1 tblsp
1983,11118,288,1 1/2 oz
1984,11118,227,1 oz
1985,11118,66,1 oz
1986,11118,61,Coarse
1987,17206,210,4 fresh
1988,17206,30,2 1/2 oz
1989,17206,131,1 tsp
1990,17206,220,2 tsp
1991,17196,348,1 1/4 oz
1992,17196,66,1/4 oz
1993,17196,218,1/4 oz
1994,17196,3,1/4 cup
1995,12864,343,4 qt
1996,12864,113,1 cup
1997,12864,188,6 oz frozen
1998,12864,7,6 oz frozen
1999,12864,91,6 whole
2000,12864,130,6 whole
2001,12864,308,1 tsp ground
2002,12864,6,3 sticks
2003,17194,156,4cl
2004,17194,149,3cl
2005,17194,180,2cl
2006,12196,304,2 oz
2007,12196,218,1/2 oz
2008,12196,208,1 oz
2009,14360,109,3/4 oz
2010,14360,311,3/4 oz
2011,14360,3,1 oz
2012,14360,133,1 splash
2013,17114,156,2 oz
2014,17114,3,5 oz
2015,17114,235,2 splashes
2016,12670,197,1 can frozen
2017,12670,202,1 cup
2018,12670,264,2 tblsp
2019,12670,317,1
2020,12670,238,1
2021,12670,313,1 L
2022,12670,278,1
2023,13938,143,1 oz
2024,13938,156,1 oz
2025,13938,120,4 oz
2026,11026,97,1 1/2 oz
2027,11026,222,1
2028,15224,150,2 parts
2029,15224,229,2 parts
2030,15224,3,1 part
2031,12708,137,Juice of 1/2
2032,12708,34,1
2033,16403,33,01-Feb
2034,16403,269,01-Feb
2035,15549,156,1 oz
2036,15549,154,1 oz
2037,15549,283,1 oz
2038,17222,156,1 3/4 shot
2039,17222,158,1 Shot
2040,17222,180,1/4 Shot
2041,17222,235,1/8 Shot
2042,11084,8,3/4 oz
2043,11084,156,3/4 oz
2044,11084,24,3/4 oz
2045,11084,312,1
2046,11084,182,1
2047,11205,198,2 oz
2048,11205,317,Juice of 1
2049,11205,222,Juice of 1
2050,11205,131,1 tblsp
2051,11205,235,1/4 tsp
2052,11205,312,1
2053,17060,254,1/2 oz
2054,17060,42,1/2 oz
2055,17060,298,1/2 oz
2056,17060,161,1/2 oz Bacardi
2057,13202,97,1 oz
2058,13202,350,1 oz
2059,13202,161,1 oz Bacardi
2060,13202,152,1 oz
2061,13202,80,1 oz
2062,11369,127,1 oz
2063,11369,283,1 oz
2064,11369,86,1 dash
2065,11369,245,1/4 tsp
2066,15182,350,2 cl
2067,15182,53,1 cl
2068,15182,7,1
2069,11034,329,1/2 oz
2070,11034,155,1/2 oz
2071,11034,156,1 oz
2072,13198,72,1 part
2073,13198,311,1 part
2074,13198,263,1 part
2075,11022,24,1 oz
2076,11022,156,1 oz
2077,11022,230,1/2 tsp
2078,17189,156,2 oz
2079,17189,184,1 tsp
2080,17189,7,1/2 oz
2081,17189,235,1 tsp
2082,13214,330,2 oz
2083,13214,208,1 oz
2084,13214,264,1-2 tblsp
2085,13214,278,1
2086,17184,8,1 oz
2087,17184,132,1 oz
2088,17184,251,1 oz
2089,17184,208,1 oz
2090,17020,42,1 oz
2091,17020,254,1 oz
2092,15825,345,1/6 glass
2093,15825,19,1/6 glass strong black
2094,15825,220,1/2 glass cold
2095,15825,186,1
2096,16447,319,2 scoops
2097,16447,39,1 can
2098,16447,30,2 oz
2099,17122,342,1 part
2100,17122,214,1 part
2101,14978,345,mikey bottle
2102,14978,173,large bottle
2103,14978,340,355 ml frozen
2104,14978,7,355 ml frozen
2105,14978,278,crushed
2106,15789,196,1/2 pint
2107,15789,322,1/2 pint
2108,15789,50,A little bit of
2109,16405,97,1 shot
2110,16405,203,1 shot
2111,16405,278,cubes
2112,16405,347,1
2113,13423,350,2 cl Smirnoff
2114,13423,203,2 cl
2115,13423,138,2 cl
2116,13423,207,6 cl
2117,13423,43,1 dash
2118,12093,132,2 oz
2119,12093,208,1 oz
2120,12093,264,1/2 tsp superfine
2121,12093,300,1
2122,12093,174,1
2123,12690,224,1/2 cup plain
2124,12690,220,1 1/4 cup cold
2125,12690,258,1/2 tsp ground roasted
2126,12690,61,1/4 tsp
2127,12690,210,1/4 tsp dried
2128,14584,143,2 shots
2129,14584,316,12 oz lemon
2130,11991,24,1/2 oz
2131,11991,156,1 1/2 oz
2132,11991,184,1 1/2 tsp
2133,15006,20,1 oz
2134,15006,97,3/4 oz
2135,15006,11,1 splash
2136,11766,30,2 oz
2137,11766,28,1 oz
2138,11766,205,1/2 oz
2139,15403,350,2 oz
2140,15403,147,1
2141,12460,350,2 oz
2142,12460,120,1
2143,11326,90,1 1/2 oz
2144,11326,156,3/4 oz
2145,11326,86,1 dash
2146,11326,182,1 twist of
2147,15328,265,2 cl
2148,15328,263,2 cl
2149,15328,75,2 cl
2150,17221,76,3 cups
2151,17221,310,1 cup
2152,17221,296,1/2 cup
2153,17221,55,for topping
2154,17221,85,4 tablespoons
2155,17221,166,4 tablespoons
2156,17221,164,15
2157,12316,126,1/2 oz
2158,12316,132,1 oz
2159,12316,66,1 oz
2160,12316,131,1 tsp
2161,12316,202,1 oz
2162,16273,188,1 can
2163,16273,220,3 cans
2164,16273,350,1 1/2 cup
2165,17199,101,2 parts
2166,17199,149,2 parts
2167,17199,297,2 parts
2168,17199,178,1 part
2169,12750,310,2 cups
2170,12750,170,2 oz sweet
2171,12750,6,1/2 tsp
2172,12750,38,2 beaten
2173,15024,143,2 oz
2174,15024,3,4 oz
2175,15024,173,2 oz
2176,15024,278,Add
2177,11023,28,2 oz
2178,11023,72,1 oz
2179,11023,213,1
2180,12914,108,6
2181,12914,264,1/4 cup
2182,12914,61,1/4 tsp
2183,12914,310,1 qt
2184,12914,279,1 tsp
2185,12067,264,1 tsp superfine
2186,12067,43,3 oz
2187,12067,317,1
2188,12067,28,2 oz
2189,12067,174,1
2190,12067,300,1
2191,11291,132,1 1/2 oz
2192,11291,222,Juice of 1/2
2193,11291,131,1 tsp
2194,16311,246,1 oz
2195,16311,311,1/2 oz
2196,16311,347,2 oz
2197,11963,262,2 1/2 oz
2198,11963,8,1/2 tsp
2199,13032,257,46 oz
2200,13032,7,20 oz
2201,13032,113,1/2 cup
2202,13032,6,3 3-inch
2203,13032,91,1/2 tsp
2204,13032,66,2 tblsp
2205,17182,330,5 cl
2206,17182,204,2.5 cl
2207,17182,239,2.5 cl
2208,17182,10,1.5 cl
2209,17182,64,2 Dashes
2210,17182,334,Pinch
2211,17182,193,2 sprigs
2212,15346,28,1 shot
2213,15346,132,2 shots
2214,15346,350,1 shot
2215,15346,7,1 shot
2216,13825,72,1 oz
2217,13825,263,1 oz
2218,13825,254,dash
2219,13825,205,2 oz
2220,13825,19,2 oz Hazlenut
2221,17229,345,1 shot
2222,17229,24,1/2 shot
2223,17229,304,1/2 shot
2224,17229,156,1/2 shot
2225,17229,52,1/4 shot
2226,17229,272,1/4 shot
2227,17229,220,1/2 shot
2228,12087,132,2 oz
2229,12087,310,1 cup
2230,12087,131,1 tsp
2231,12087,308,1
2232,11387,132,1 1/2 oz
2233,11387,251,1 tblsp
2234,11387,66,1 1/2 oz
2235,11387,264,1 tsp
2236,11387,146,1
2237,11387,278,1 cup crushed
2238,11415,156,2 oz
2239,11415,317,Juice of 1/2
2240,11415,131,1 tsp
2241,11415,220,1 tsp
2242,11415,13,Twist of
2243,17201,345,12 parts
2244,17201,326,8 parts
2245,17201,241,3 parts
2246,17201,204,3 parts